wavelengh nm	,	photon flux /m2/nm/s
280	,	0
280.5	,	0
281	,	0
281.5	,	#VALUE!
282	,	66625.7158
282.5	,	1735644.166
283	,	8043430.288
283.5	,	222331381.9
284	,	1688180135
284.5	,	6452039550
285	,	26337883952
285.5	,	50486939080
286	,	1.03866E+12
286.5	,	3.56373E+12
287	,	1.14842E+13
287.5	,	6.11841E+13
288	,	1.9711E+14
288.5	,	1.20779E+15
289	,	3.95599E+15
289.5	,	1.57647E+16
290	,	9.02616E+16
290.5	,	2.4963E+17
291	,	8.18519E+17
291.5	,	3.01468E+18
292	,	8.78248E+18
292.5	,	2.01673E+19
293	,	5.13834E+19
293.5	,	1.59841E+20
294	,	3.93677E+20
294.5	,	6.28314E+20
295	,	1.27499E+21
295.5	,	3.35163E+21
296	,	6.16746E+21
296.5	,	9.76323E+21
297	,	1.82537E+22
297.5	,	4.13262E+22
298	,	7.13263E+22
298.5	,	1.0635E+23
299	,	1.44629E+23
299.5	,	2.7837E+23
300	,	4.34747E+23
300.5	,	5.37589E+23
301	,	7.40046E+23
301.5	,	1.29725E+24
302	,	1.53937E+24
302.5	,	1.88963E+24
303	,	2.92245E+24
303.5	,	4.08002E+24
304	,	4.43621E+24
304.5	,	6.51316E+24
305	,	1.08072E+25
305.5	,	1.37106E+25
306	,	1.44826E+25
306.5	,	1.83819E+25
307	,	2.53167E+25
307.5	,	2.87393E+25
308	,	2.86324E+25
308.5	,	3.25339E+25
309	,	4.29344E+25
309.5	,	5.50703E+25
310	,	5.85687E+25
310.5	,	6.42508E+25
311	,	6.29559E+25
311.5	,	6.74173E+25
312	,	7.93784E+25
312.5	,	1.02312E+26
313	,	1.29699E+26
313.5	,	1.31788E+26
314	,	1.46597E+26
314.5	,	1.55635E+26
315	,	1.68481E+26
315.5	,	1.70327E+26
316	,	1.89554E+26
316.5	,	2.0726E+26
317	,	2.15512E+26
317.5	,	1.87285E+26
318	,	1.95531E+26
318.5	,	2.38829E+26
319	,	2.7429E+26
319.5	,	2.90695E+26
320	,	2.81555E+26
320.5	,	2.9802E+26
321	,	3.28978E+26
321.5	,	3.15028E+26
322	,	3.3001E+26
322.5	,	3.95018E+26
323	,	4.03708E+26
323.5	,	3.84929E+26
324	,	3.5961E+26
324.5	,	3.52056E+26
325	,	3.44478E+26
325.5	,	4.05225E+26
326	,	4.48229E+26
326.5	,	4.61981E+26
327	,	4.56153E+26
327.5	,	5.30541E+26
328	,	6.24835E+26
328.5	,	6.68498E+26
329	,	6.54717E+26
329.5	,	6.343E+26
330	,	5.79167E+26
330.5	,	6.14754E+26
331	,	6.98443E+26
331.5	,	7.77412E+26
332	,	7.81911E+26
332.5	,	7.11603E+26
333	,	6.71051E+26
333.5	,	6.9708E+26
334	,	7.28194E+26
334.5	,	7.34309E+26
335	,	7.18661E+26
335.5	,	6.82831E+26
336	,	6.97296E+26
336.5	,	7.48822E+26
337	,	7.81962E+26
337.5	,	7.64563E+26
338	,	7.01472E+26
338.5	,	6.46653E+26
339	,	6.34051E+26
339.5	,	6.80833E+26
340	,	7.37954E+26
340.5	,	7.74806E+26
341	,	7.91299E+26
341.5	,	8.09545E+26
342	,	8.58629E+26
342.5	,	8.58178E+26
343	,	8.07975E+26
343.5	,	8.05724E+26
344	,	8.41313E+26
344.5	,	8.7528E+26
345	,	8.88636E+26
345.5	,	8.39819E+26
346	,	7.23365E+26
346.5	,	6.98421E+26
347	,	7.96626E+26
347.5	,	8.49923E+26
348	,	8.32006E+26
348.5	,	8.48897E+26
349	,	8.62341E+26
349.5	,	8.33865E+26
350	,	8.31564E+26
350.5	,	8.46784E+26
351	,	8.18152E+26
351.5	,	8.40423E+26
352	,	9.29661E+26
352.5	,	9.99755E+26
353	,	9.74695E+26
353.5	,	9.37182E+26
354	,	9.17266E+26
354.5	,	8.68916E+26
355	,	9.23423E+26
355.5	,	1.0172E+27
356	,	1.07741E+27
356.5	,	1.09142E+27
357	,	1.09117E+27
357.5	,	1.05515E+27
358	,	9.92162E+26
358.5	,	9.30785E+26
359	,	8.20743E+26
359.5	,	8.30885E+26
360	,	7.74416E+26
360.5	,	7.19589E+26
361	,	8.48819E+26
361.5	,	1.02181E+27
362	,	1.08299E+27
362.5	,	1.02465E+27
363	,	9.44351E+26
363.5	,	9.27473E+26
364	,	9.72462E+26
364.5	,	1.06681E+27
365	,	1.09932E+27
365.5	,	1.06975E+27
366	,	1.10968E+27
366.5	,	1.10203E+27
367	,	1.14578E+27
367.5	,	1.26135E+27
368	,	1.35329E+27
368.5	,	1.35883E+27
369	,	1.33483E+27
369.5	,	1.31077E+27
370	,	1.23665E+27
370.5	,	1.22906E+27
371	,	1.28642E+27
371.5	,	1.38482E+27
372	,	1.40531E+27
372.5	,	1.27301E+27
373	,	1.29339E+27
373.5	,	1.34746E+27
374	,	1.26132E+27
374.5	,	1.20492E+27
375	,	1.16151E+27
375.5	,	1.04845E+27
376	,	1.04609E+27
376.5	,	1.03995E+27
377	,	1.11114E+27
377.5	,	1.23163E+27
378	,	1.27677E+27
378.5	,	1.25764E+27
379	,	1.35034E+27
379.5	,	1.50976E+27
380	,	1.62775E+27
380.5	,	1.58802E+27
381	,	1.41852E+27
381.5	,	1.27339E+27
382	,	1.34006E+27
382.5	,	1.43753E+27
383	,	1.46434E+27
383.5	,	1.3204E+27
384	,	1.12804E+27
384.5	,	9.77502E+26
385	,	8.76663E+26
385.5	,	8.48869E+26
386	,	9.85199E+26
386.5	,	1.18765E+27
387	,	1.3054E+27
387.5	,	1.24892E+27
388	,	1.20587E+27
388.5	,	1.25604E+27
389	,	1.2674E+27
389.5	,	1.2515E+27
390	,	1.2414E+27
390.5	,	1.23323E+27
391	,	1.34049E+27
391.5	,	1.48917E+27
392	,	1.56367E+27
392.5	,	1.57943E+27
393	,	1.6739E+27
393.5	,	1.69967E+27
394	,	1.56775E+27
394.5	,	1.30911E+27
395	,	9.48979E+26
395.5	,	7.5619E+26
396	,	9.83107E+26
396.5	,	1.35746E+27
397	,	1.60558E+27
397.5	,	1.71107E+27
398	,	1.50804E+27
398.5	,	1.09706E+27
399	,	8.50791E+26
399.5	,	1.2578E+27
400	,	1.70587E+27
401	,	2.02475E+27
402	,	2.14773E+27
403	,	2.21071E+27
404	,	2.2336E+27
405	,	2.34005E+27
406	,	2.447E+27
407	,	2.35172E+27
408	,	2.3982E+27
409	,	2.34302E+27
410	,	2.28753E+27
411	,	2.25221E+27
412	,	2.36037E+27
413	,	2.53076E+27
414	,	2.16569E+27
415	,	2.41908E+27
416	,	2.59078E+27
417	,	2.49318E+27
418	,	2.45757E+27
419	,	2.56789E+27
420	,	2.63686E+27
421	,	2.58026E+27
422	,	2.48131E+27
423	,	2.59264E+27
424	,	2.36641E+27
425	,	2.71091E+27
426	,	2.67489E+27
427	,	2.59611E+27
428	,	2.58092E+27
429	,	2.67252E+27
430	,	2.59309E+27
431	,	2.51325E+27
432	,	2.54067E+27
433	,	2.37396E+27
434	,	1.89278E+27
435	,	1.72155E+27
436	,	2.86867E+27
437	,	2.67927E+27
438	,	2.48896E+27
439	,	2.73541E+27
440	,	3.0049E+27
441	,	3.05576E+27
442	,	2.68817E+27
443	,	2.60597E+27
444	,	2.9882E+27
445	,	2.95062E+27
446	,	3.17966E+27
447	,	3.23143E+27
448	,	3.14938E+27
449	,	3.2684E+27
450	,	2.9392E+27
451	,	3.35055E+27
452	,	3.40312E+27
453	,	3.38813E+27
454	,	3.53151E+27
455	,	3.67548E+27
456	,	3.52446E+27
457	,	3.25879E+27
458	,	3.49438E+27
459	,	3.47919E+27
460	,	3.60153E+27
461	,	3.65541E+27
462	,	3.57125E+27
463	,	3.55595E+27
464	,	3.54056E+27
465	,	3.66421E+27
466	,	3.71864E+27
467	,	3.72669E+27
468	,	3.61803E+27
469	,	3.60244E+27
470	,	3.68051E+27
471	,	3.52396E+27
472	,	3.67277E+27
473	,	3.70421E+27
474	,	3.57024E+27
475	,	3.62523E+27
476	,	3.82288E+27
477	,	3.68821E+27
478	,	3.7437E+27
479	,	3.87107E+27
480	,	3.73555E+27
481	,	3.76739E+27
482	,	3.89552E+27
483	,	3.83138E+27
484	,	3.91182E+27
485	,	3.91997E+27
486	,	3.92812E+27
487	,	3.88767E+27
488	,	3.82268E+27
489	,	3.83058E+27
490	,	3.10501E+27
491	,	3.47888E+27
492	,	3.78062E+27
493	,	3.56697E+27
494	,	3.99332E+27
495	,	3.85326E+27
496	,	3.68786E+27
497	,	3.94336E+27
498	,	3.85196E+27
499	,	4.10877E+27
500	,	3.91746E+27
501	,	3.97536E+27
502	,	3.88315E+27
503	,	3.89094E+27
504	,	3.89874E+27
505	,	3.78052E+27
506	,	3.78807E+27
507	,	3.97274E+27
508	,	3.70174E+27
509	,	3.96313E+27
510	,	4.14917E+27
511	,	3.97883E+27
512	,	3.88445E+27
513	,	4.07134E+27
514	,	3.97672E+27
515	,	4.06163E+27
516	,	4.17261E+27
517	,	3.92269E+27
518	,	3.85276E+27
519	,	3.96389E+27
520	,	4.0235E+27
521	,	3.27706E+27
522	,	3.75245E+27
523	,	3.65526E+27
524	,	3.97621E+27
525	,	4.01007E+27
526	,	4.12281E+27
527	,	3.89391E+27
528	,	4.19132E+27
529	,	4.17291E+27
530	,	4.04855E+27
531	,	3.55253E+27
532	,	4.09051E+27
533	,	4.28454E+27
534	,	4.106E+27
535	,	4.35416E+27
536	,	4.28208E+27
537	,	3.8343E+27
538	,	4.11013E+27
539	,	4.17165E+27
540	,	4.3682E+27
541	,	4.05218E+27
542	,	4.24918E+27
543	,	4.17573E+27
544	,	4.02048E+27
545	,	3.89185E+27
546	,	4.22624E+27
547	,	4.1794E+27
548	,	4.32393E+27
549	,	4.22221E+27
550	,	4.20249E+27
551	,	4.26522E+27
552	,	4.13518E+27
553	,	4.28082E+27
554	,	4.26095E+27
555	,	4.26869E+27
556	,	4.35975E+27
557	,	4.25637E+27
558	,	4.31981E+27
559	,	4.35552E+27
560	,	4.30743E+27
561	,	4.20309E+27
562	,	4.29485E+27
563	,	4.07758E+27
564	,	4.14122E+27
565	,	4.40261E+27
566	,	4.18428E+27
567	,	4.36166E+27
568	,	4.28429E+27
569	,	4.32031E+27
570	,	4.10017E+27
571	,	4.36413E+27
572	,	4.34325E+27
573	,	4.2364E+27
574	,	4.24384E+27
575	,	4.10766E+27
576	,	4.34506E+27
577	,	4.38148E+27
578	,	4.36025E+27
579	,	4.28107E+27
580	,	4.25954E+27
581	,	4.35401E+27
582	,	4.24525E+27
583	,	4.31085E+27
584	,	4.37665E+27
585	,	4.41343E+27
586	,	4.47958E+27
587	,	4.54593E+27
588	,	4.52435E+27
589	,	4.50267E+27
590	,	4.42193E+27
591	,	4.51806E+27
592	,	4.40744E+27
593	,	3.82233E+27
594	,	4.06626E+27
595	,	4.37046E+27
596	,	4.28851E+27
597	,	4.35542E+27
598	,	4.33289E+27
599	,	4.28031E+27
600	,	4.40744E+27
601	,	4.44487E+27
602	,	4.39215E+27
603	,	4.39949E+27
604	,	4.4672E+27
605	,	4.41418E+27
606	,	4.36096E+27
607	,	4.4592E+27
608	,	4.52737E+27
609	,	4.53486E+27
610	,	4.51187E+27
611	,	4.54986E+27
612	,	4.55735E+27
613	,	4.50357E+27
614	,	4.51097E+27
615	,	4.48763E+27
616	,	4.55655E+27
617	,	4.50232E+27
618	,	4.38611E+27
619	,	4.54794E+27
620	,	4.43138E+27
621	,	4.3765E+27
622	,	4.57013E+27
623	,	4.57752E+27
624	,	4.58492E+27
625	,	4.62356E+27
626	,	4.47455E+27
627	,	4.4504E+27
628	,	4.42615E+27
629	,	4.4018E+27
630	,	4.40885E+27
631	,	4.54206E+27
632	,	4.29656E+27
633	,	4.46162E+27
634	,	4.40533E+27
635	,	4.50755E+27
636	,	4.32393E+27
637	,	4.61737E+27
638	,	4.56087E+27
639	,	4.63196E+27
640	,	4.51127E+27
641	,	4.67859E+27
642	,	4.71803E+27
643	,	4.69328E+27
644	,	4.60404E+27
645	,	4.61123E+27
646	,	4.65072E+27
647	,	4.69031E+27
648	,	4.69761E+27
649	,	4.73735E+27
650	,	4.6147E+27
651	,	4.5893E+27
652	,	4.56379E+27
653	,	4.40759E+27
654	,	4.44708E+27
655	,	4.71592E+27
656	,	4.55916E+27
657	,	4.69756E+27
658	,	4.67185E+27
659	,	4.44834E+27
660	,	3.92711E+27
661	,	4.09836E+27
662	,	4.60112E+27
663	,	4.60811E+27
664	,	4.64831E+27
665	,	4.6221E+27
666	,	4.59579E+27
667	,	4.60273E+27
668	,	4.67648E+27
669	,	4.75043E+27
670	,	4.75757E+27
671	,	4.73116E+27
672	,	4.77186E+27
673	,	4.84631E+27
674	,	4.78615E+27
675	,	4.79329E+27
676	,	4.73282E+27
677	,	4.77372E+27
678	,	4.78081E+27
679	,	4.75395E+27
680	,	4.795E+27
681	,	4.76803E+27
682	,	4.80919E+27
683	,	4.74796E+27
684	,	4.78916E+27
685	,	4.76195E+27
686	,	4.80325E+27
687	,	4.74157E+27
688	,	4.71411E+27
689	,	4.721E+27
690	,	4.62436E+27
691	,	3.34545E+27
692	,	3.87641E+27
693	,	3.9167E+27
694	,	4.09594E+27
695	,	4.27569E+27
696	,	4.42112E+27
697	,	4.39265E+27
698	,	4.36407E+27
699	,	4.44029E+27
700	,	4.44668E+27
701	,	4.69851E+27
702	,	4.63502E+27
703	,	4.53617E+27
704	,	4.50745E+27
705	,	4.47862E+27
706	,	4.48501E+27
707	,	4.4914E+27
708	,	4.63945E+27
709	,	4.68151E+27
710	,	4.65263E+27
711	,	4.65922E+27
712	,	4.6302E+27
713	,	4.6724E+27
714	,	4.71471E+27
715	,	4.72135E+27
716	,	4.69217E+27
717	,	4.62703E+27
718	,	4.66943E+27
719	,	4.5321E+27
720	,	4.57446E+27
721	,	4.00373E+27
722	,	3.72036E+27
723	,	3.33851E+27
724	,	3.57135E+27
725	,	3.95352E+27
726	,	4.50383E+27
727	,	4.14635E+27
728	,	3.86071E+27
729	,	3.7931E+27
730	,	3.94442E+27
731	,	3.98643E+27
732	,	3.80879E+27
733	,	3.8507E+27
734	,	4.14977E+27
735	,	3.93481E+27
736	,	4.23479E+27
737	,	4.42495E+27
738	,	4.57868E+27
739	,	4.51097E+27
740	,	4.48008E+27
741	,	4.44909E+27
742	,	4.56651E+27
743	,	4.42399E+27
744	,	4.54166E+27
745	,	4.51052E+27
746	,	4.55393E+27
747	,	4.63482E+27
748	,	4.67849E+27
749	,	4.68478E+27
750	,	4.69107E+27
751	,	4.69735E+27
752	,	4.66601E+27
753	,	4.67225E+27
754	,	4.64076E+27
755	,	4.64695E+27
756	,	4.65314E+27
757	,	4.65932E+27
758	,	4.70344E+27
759	,	4.70968E+27
760	,	4.63985E+27
761	,	4.64599E+27
762	,	4.69026E+27
763	,	4.54372E+27
764	,	1.01699E+27
765	,	5.8956E+26
766	,	2.63734E+27
767	,	1.45858E+27
768	,	2.07159E+27
769	,	2.64003E+27
770	,	3.14057E+27
771	,	3.75818E+27
772	,	4.28851E+27
773	,	4.37147E+27
774	,	4.49336E+27
775	,	4.53798E+27
776	,	4.58271E+27
777	,	4.58864E+27
778	,	4.59458E+27
779	,	4.60051E+27
780	,	4.60645E+27
781	,	4.5733E+27
782	,	4.57918E+27
783	,	4.62426E+27
784	,	4.55172E+27
785	,	4.55755E+27
786	,	4.60273E+27
787	,	4.56922E+27
788	,	4.53562E+27
789	,	4.5809E+27
790	,	4.58673E+27
791	,	4.55298E+27
792	,	4.47948E+27
793	,	4.48516E+27
794	,	4.33188E+27
795	,	4.41695E+27
796	,	4.38269E+27
797	,	4.34833E+27
798	,	4.39376E+27
799	,	4.3593E+27
800	,	4.28469E+27
801	,	4.37026E+27
802	,	4.45603E+27
803	,	4.38123E+27
804	,	4.30622E+27
805	,	4.3519E+27
806	,	4.39768E+27
807	,	4.32237E+27
808	,	4.3682E+27
809	,	4.25214E+27
810	,	4.46016E+27
811	,	4.4251E+27
812	,	4.38993E+27
813	,	4.27327E+27
814	,	4.3193E+27
815	,	4.28384E+27
816	,	4.20742E+27
817	,	4.1308E+27
818	,	3.70182E+27
819	,	3.66947E+27
820	,	3.41536E+27
821	,	3.50174E+27
822	,	3.38669E+27
823	,	3.72868E+27
824	,	3.55585E+27
825	,	4.12189E+27
826	,	3.93669E+27
827	,	2.78636E+27
828	,	3.8758E+27
829	,	4.02161E+27
830	,	3.88105E+27
831	,	4.09793E+27
832	,	3.54056E+27
833	,	3.8743E+27
834	,	3.82469E+27
835	,	3.86274E+27
836	,	3.74183E+27
837	,	4.01033E+27
838	,	3.91864E+27
839	,	4.20058E+27
840	,	4.08785E+27
841	,	4.25275E+27
842	,	4.21146E+27
843	,	4.2207E+27
844	,	4.31025E+27
845	,	4.27307E+27
846	,	4.22309E+27
847	,	4.28323E+27
848	,	4.18641E+27
849	,	4.3359E+27
850	,	4.34103E+27
851	,	4.22686E+27
852	,	4.23185E+27
853	,	4.21121E+27
854	,	3.82278E+27
855	,	4.17404E+27
856	,	4.15323E+27
857	,	4.14094E+27
858	,	3.65603E+27
859	,	3.92699E+27
860	,	4.18995E+27
861	,	4.27676E+27
862	,	4.28175E+27
863	,	4.28674E+27
864	,	4.27443E+27
865	,	4.27507E+27
866	,	4.31039E+27
867	,	4.34144E+27
868	,	4.25519E+27
869	,	4.19049E+27
870	,	3.69869E+27
871	,	3.99083E+27
872	,	4.18756E+27
873	,	4.15304E+27
874	,	4.2366E+27
875	,	4.18012E+27
876	,	4.24195E+27
877	,	4.2029E+27
878	,	4.13297E+27
879	,	4.08047E+27
880	,	4.19971E+27
881	,	4.21774E+27
882	,	4.20489E+27
883	,	4.14335E+27
884	,	4.16134E+27
885	,	4.02868E+27
886	,	4.1353E+27
887	,	4.12666E+27
888	,	4.14913E+27
889	,	4.20279E+27
890	,	4.04708E+27
891	,	4.06504E+27
892	,	4.11876E+27
893	,	4.18154E+27
894	,	4.13699E+27
895	,	4.15061E+27
896	,	4.07898E+27
897	,	3.92183E+27
898	,	3.82728E+27
899	,	3.66497E+27
900	,	3.43918E+27
901	,	3.00531E+27
902	,	3.24357E+27
903	,	2.48287E+27
904	,	3.36398E+27
905	,	2.71503E+27
906	,	3.03114E+27
907	,	3.12989E+27
908	,	3.8428E+27
909	,	3.71958E+27
910	,	3.53682E+27
911	,	2.91562E+27
912	,	2.97822E+27
913	,	3.21928E+27
914	,	2.86117E+27
915	,	3.06138E+27
916	,	3.16109E+27
917	,	2.88438E+27
918	,	2.87835E+27
919	,	3.12085E+27
920	,	2.65424E+27
921	,	3.36756E+27
922	,	2.73855E+27
923	,	3.41651E+27
924	,	3.44337E+27
925	,	3.61391E+27
926	,	3.24677E+27
927	,	3.45924E+27
928	,	3.35608E+27
929	,	3.30852E+27
930	,	3.27483E+27
931	,	3.67009E+27
932	,	2.75437E+27
933	,	2.57508E+27
934	,	2.02111E+27
935	,	1.91556E+27
936	,	1.41125E+27
937	,	1.16401E+27
938	,	6.766E+26
939	,	1.18061E+27
940	,	7.58096E+26
941	,	7.68334E+26
942	,	9.48466E+26
943	,	1.88478E+27
944	,	2.23199E+27
945	,	1.76098E+27
946	,	1.91924E+27
947	,	1.3188E+27
948	,	1.35819E+27
949	,	1.74945E+27
950	,	9.28001E+26
951	,	1.76745E+27
952	,	1.30672E+27
953	,	2.35839E+27
954	,	7.02528E+26
955	,	2.31552E+27
956	,	1.28828E+27
957	,	1.6492E+27
958	,	2.03487E+27
959	,	1.63825E+27
960	,	1.57745E+27
961	,	1.30468E+27
962	,	2.22172E+27
963	,	1.80432E+27
964	,	2.03318E+27
965	,	2.22868E+27
966	,	2.13905E+27
967	,	2.44647E+27
968	,	2.22593E+27
969	,	2.4467E+27
970	,	2.44437E+27
971	,	2.44204E+27
972	,	3.17501E+27
973	,	3.34403E+27
974	,	3.09862E+27
975	,	3.48771E+27
976	,	3.36417E+27
977	,	2.96625E+27
978	,	2.81741E+27
979	,	2.89387E+27
980	,	2.80846E+27
981	,	3.14064E+27
982	,	3.02578E+27
983	,	3.14214E+27
984	,	2.98266E+27
985	,	3.51869E+27
986	,	3.41854E+27
987	,	3.30828E+27
988	,	3.64826E+27
989	,	3.40916E+27
990	,	3.72511E+27
991	,	3.66931E+27
992	,	3.65315E+27
993	,	3.7265E+27
994	,	3.6456E+27
995	,	3.75896E+27
996	,	3.74778E+27
997	,	3.68162E+27
998	,	3.77034E+27
999	,	3.76412E+27
1000	,	3.75287E+27
1001	,	3.7115E+27
1002	,	3.7102E+27
1003	,	3.71392E+27
1004	,	3.69752E+27
1005	,	3.74653E+27
1006	,	3.66963E+27
1007	,	3.70356E+27
1008	,	3.6517E+27
1009	,	3.44805E+27
1010	,	3.60836E+27
1011	,	3.68794E+27
1012	,	3.68653E+27
1013	,	3.65465E+27
1014	,	3.6532E+27
1015	,	3.67716E+27
1016	,	3.66043E+27
1017	,	3.65895E+27
1018	,	3.67787E+27
1019	,	3.61511E+27
1020	,	3.63401E+27
1021	,	3.59666E+27
1022	,	3.65653E+27
1023	,	3.53196E+27
1024	,	3.58674E+27
1025	,	3.60567E+27
1026	,	3.5475E+27
1027	,	3.57671E+27
1028	,	3.5596E+27
1029	,	3.59917E+27
1030	,	3.59236E+27
1031	,	3.58036E+27
1032	,	3.58902E+27
1033	,	3.55109E+27
1034	,	3.58045E+27
1035	,	3.56318E+27
1036	,	3.57183E+27
1037	,	3.51293E+27
1038	,	3.53714E+27
1039	,	3.55097E+27
1040	,	3.5544E+27
1041	,	3.52132E+27
1042	,	3.50905E+27
1043	,	3.53334E+27
1044	,	3.51581E+27
1045	,	3.51919E+27
1046	,	3.52257E+27
1047	,	3.48922E+27
1048	,	3.50832E+27
1049	,	3.49591E+27
1050	,	3.40454E+27
1051	,	3.46047E+27
1052	,	3.49541E+27
1053	,	3.47763E+27
1054	,	3.45982E+27
1055	,	3.46311E+27
1056	,	3.44524E+27
1057	,	3.43792E+27
1058	,	3.42528E+27
1059	,	3.43914E+27
1060	,	3.43178E+27
1061	,	3.42971E+27
1062	,	3.3957E+27
1063	,	3.29769E+27
1064	,	3.39145E+27
1065	,	3.31459E+27
1066	,	3.38182E+27
1067	,	3.32618E+27
1068	,	3.38284E+27
1069	,	3.36995E+27
1070	,	3.30876E+27
1071	,	3.32797E+27
1072	,	3.32571E+27
1073	,	3.15136E+27
1074	,	3.25658E+27
1075	,	3.32428E+27
1076	,	3.3166E+27
1077	,	3.26031E+27
1078	,	3.3606E+27
1079	,	3.2069E+27
1080	,	3.32897E+27
1081	,	3.27247E+27
1082	,	3.27008E+27
1083	,	3.28397E+27
1084	,	3.24355E+27
1085	,	3.15954E+27
1086	,	3.20601E+27
1087	,	3.25801E+27
1088	,	3.15741E+27
1089	,	3.23674E+27
1090	,	3.02665E+27
1091	,	3.10053E+27
1092	,	3.24568E+27
1093	,	3.17197E+27
1094	,	3.04877E+27
1095	,	3.22719E+27
1096	,	3.1917E+27
1097	,	2.80972E+27
1098	,	2.9719E+27
1099	,	2.86995E+27
1100	,	2.77333E+27
1101	,	3.19527E+27
1102	,	2.77839E+27
1103	,	2.80856E+27
1104	,	2.68938E+27
1105	,	2.75275E+27
1106	,	2.60002E+27
1107	,	2.58574E+27
1108	,	2.59919E+27
1109	,	2.81278E+27
1110	,	2.21442E+27
1111	,	2.68978E+27
1112	,	2.31876E+27
1113	,	2.30412E+27
1114	,	2.67474E+27
1115	,	1.85556E+27
1116	,	2.31594E+27
1117	,	1.50616E+27
1118	,	1.68124E+27
1119	,	1.40229E+27
1120	,	1.12845E+27
1121	,	4.4729E+26
1122	,	1.22609E+27
1123	,	6.36109E+26
1124	,	8.00072E+26
1125	,	1.04892E+27
1126	,	4.61145E+26
1127	,	7.23123E+26
1128	,	6.16333E+26
1129	,	8.14963E+26
1130	,	2.92288E+26
1131	,	8.90115E+26
1132	,	5.62916E+26
1133	,	6.02036E+26
1134	,	4.01334E+26
1135	,	1.68414E+27
1136	,	1.33255E+27
1137	,	8.72055E+26
1138	,	2.37888E+26
1139	,	8.85014E+25
1140	,	7.37209E+26
1141	,	1.64731E+27
1142	,	1.16215E+27
1143	,	1.71324E+27
1144	,	1.46814E+27
1145	,	1.10781E+27
1146	,	1.29262E+27
1147	,	1.794E+27
1148	,	6.5032E+26
1149	,	8.40971E+26
1150	,	9.10887E+26
1151	,	3.41592E+26
1152	,	1.56507E+27
1153	,	1.26586E+27
1154	,	7.05798E+26
1155	,	1.17542E+27
1156	,	1.43723E+27
1157	,	1.38048E+27
1158	,	8.2436E+26
1159	,	1.81865E+27
1160	,	1.63413E+27
1161	,	1.83344E+27
1162	,	1.81755E+27
1163	,	1.96488E+27
1164	,	1.66896E+27
1165	,	2.03252E+27
1166	,	2.04596E+27
1167	,	2.74394E+27
1168	,	2.35397E+27
1169	,	2.27981E+27
1170	,	2.19964E+27
1171	,	2.40701E+27
1172	,	2.46783E+27
1173	,	2.48758E+27
1174	,	2.7016E+27
1175	,	2.63911E+27
1176	,	2.68264E+27
1177	,	2.69083E+27
1178	,	1.99031E+27
1179	,	2.67177E+27
1180	,	2.82194E+27
1181	,	2.79474E+27
1182	,	2.13339E+27
1183	,	2.87066E+27
1184	,	2.61784E+27
1185	,	2.70324E+27
1186	,	1.92063E+27
1187	,	2.61259E+27
1188	,	2.50163E+27
1189	,	2.42625E+27
1190	,	2.84594E+27
1191	,	2.72294E+27
1192	,	2.00209E+27
1193	,	2.48827E+27
1194	,	2.76574E+27
1195	,	2.67819E+27
1196	,	2.83635E+27
1197	,	2.7247E+27
1198	,	2.81708E+27
1199	,	2.68719E+27
1200	,	2.59317E+27
1201	,	2.87234E+27
1202	,	2.61559E+27
1203	,	2.20158E+27
1204	,	2.70447E+27
1205	,	2.64026E+27
1206	,	2.64246E+27
1207	,	2.6265E+27
1208	,	2.19259E+27
1209	,	2.64906E+27
1210	,	2.9182E+27
1211	,	2.61095E+27
1212	,	2.63134E+27
1213	,	2.51796E+27
1214	,	2.75744E+27
1215	,	2.57087E+27
1216	,	2.59128E+27
1217	,	2.86801E+27
1218	,	2.65052E+27
1219	,	2.61603E+27
1220	,	2.85064E+27
1221	,	2.78564E+27
1222	,	2.81244E+27
1223	,	2.74116E+27
1224	,	2.81092E+27
1225	,	2.85622E+27
1226	,	2.77249E+27
1227	,	2.73169E+27
1228	,	2.75856E+27
1229	,	2.84709E+27
1230	,	2.88642E+27
1231	,	2.67273E+27
1232	,	2.88495E+27
1233	,	2.8873E+27
1234	,	2.84633E+27
1235	,	2.92296E+27
1236	,	2.88815E+27
1237	,	2.81606E+27
1238	,	2.91767E+27
1239	,	2.88897E+27
1240	,	2.91618E+27
1241	,	2.8812E+27
1242	,	2.91467E+27
1243	,	2.88586E+27
1244	,	2.87571E+27
1245	,	2.88427E+27
1246	,	2.8866E+27
1247	,	2.86391E+27
1248	,	2.84744E+27
1249	,	2.86225E+27
1250	,	2.87709E+27
1251	,	2.86685E+27
1252	,	2.88171E+27
1253	,	2.8903E+27
1254	,	2.87375E+27
1255	,	2.85088E+27
1256	,	2.84056E+27
1257	,	2.82392E+27
1258	,	2.80094E+27
1259	,	2.84736E+27
1260	,	2.78013E+27
1261	,	2.75073E+27
1262	,	2.8162E+27
1263	,	2.70443E+27
1264	,	2.73194E+27
1265	,	2.60723E+27
1266	,	2.51407E+27
1267	,	2.54148E+27
1268	,	2.35909E+27
1269	,	2.52005E+27
1270	,	2.45198E+27
1271	,	2.47304E+27
1272	,	2.36655E+27
1273	,	1.57682E+27
1274	,	2.47251E+27
1275	,	2.60873E+27
1276	,	2.61718E+27
1277	,	2.60002E+27
1278	,	2.60207E+27
1279	,	2.64259E+27
1280	,	2.67676E+27
1281	,	2.69813E+27
1282	,	2.75168E+27
1283	,	2.73453E+27
1284	,	2.71735E+27
1285	,	2.66147E+27
1286	,	2.40558E+27
1287	,	2.6269E+27
1288	,	2.71938E+27
1289	,	2.74089E+27
1290	,	2.76243E+27
1291	,	2.73221E+27
1292	,	2.72137E+27
1293	,	2.65216E+27
1294	,	2.68017E+27
1295	,	2.71472E+27
1296	,	2.57383E+27
1297	,	2.6864E+27
1298	,	2.62989E+27
1299	,	2.63844E+27
1300	,	2.54268E+27
1301	,	2.42068E+27
1302	,	2.55967E+27
1303	,	2.67273E+27
1304	,	2.30856E+27
1305	,	2.36924E+27
1306	,	2.56756E+27
1307	,	2.268E+27
1308	,	1.97454E+27
1309	,	2.52095E+27
1310	,	2.52945E+27
1311	,	2.01196E+27
1312	,	2.28328E+27
1313	,	2.52868E+27
1314	,	1.98363E+27
1315	,	2.20278E+27
1316	,	2.19786E+27
1317	,	2.07404E+27
1318	,	1.90375E+27
1319	,	1.89197E+27
1320	,	2.14498E+27
1321	,	2.06711E+27
1322	,	2.20792E+27
1323	,	1.78492E+27
1324	,	1.71987E+27
1325	,	1.98699E+27
1326	,	2.00845E+27
1327	,	1.55074E+27
1328	,	1.74507E+27
1329	,	2.14632E+27
1330	,	1.87444E+27
1331	,	1.77572E+27
1332	,	1.56996E+27
1333	,	1.19006E+27
1334	,	1.53218E+27
1335	,	9.70887E+26
1336	,	9.78317E+26
1337	,	1.36128E+27
1338	,	1.13414E+27
1339	,	1.55137E+27
1340	,	1.22993E+27
1341	,	1.10978E+27
1342	,	1.19812E+27
1343	,	1.19228E+27
1344	,	1.1325E+27
1345	,	1.14683E+27
1346	,	1.2017E+27
1347	,	8.5803E+26
1348	,	5.11145E+26
1349	,	7.37516E+26
1350	,	3.94086E+26
1351	,	4.07253E+26
1352	,	3.22111E+25
1353	,	1.09938E+26
1354	,	1.08662E+26
1355	,	3.14673E+25
1356	,	1.03382E+25
1357	,	6.541E+23
1358	,	1.97533E+24
1359	,	2.45394E+22
1360	,	3.28116E+23
1361	,	4.90148E+23
1362	,	2.86244E+22
1363	,	5.01809E+21
1364	,	1.46412E+22
1365	,	3.29326E+19
1366	,	1.24016E+17
1367	,	2.16673E+22
1368	,	9.33203E+21
1369	,	6.23507E+16
1370	,	8.79596E+22
1371	,	3.42468E+22
1372	,	1.01852E+15
1373	,	3.56055E+21
1374	,	2.01245E+21
1375	,	1.35871E+20
1376	,	1.89806E+22
1377	,	3.06673E+23
1378	,	1.23726E+24
1379	,	2.23423E+24
1380	,	1.77899E+24
1381	,	8.52043E+23
1382	,	7.69476E+24
1383	,	3.62124E+23
1384	,	5.6649E+23
1385	,	1.64651E+22
1386	,	1.78675E+22
1387	,	3.06124E+20
1388	,	4.2958E+21
1389	,	1.45619E+22
1390	,	1.75706E+22
1391	,	1.38852E+24
1392	,	2.81396E+22
1393	,	4.05977E+24
1394	,	3.44734E+24
1395	,	2.40718E+24
1396	,	1.66663E+23
1397	,	8.1289E+23
1398	,	5.29459E+23
1399	,	4.7089E+21
1400	,	4.43839E+19
1401	,	3.45065E+23
1402	,	8.93169E+24
1403	,	5.71474E+24
1404	,	2.28894E+19
1405	,	7.40031E+19
1406	,	1.29774E+25
1407	,	1.6798E+25
1408	,	5.21956E+24
1409	,	2.57277E+21
1410	,	1.44291E+25
1411	,	1.23867E+24
1412	,	1.16872E+25
1413	,	4.38757E+24
1414	,	3.31252E+24
1415	,	1.49773E+25
1416	,	1.87526E+25
1417	,	1.66334E+26
1418	,	2.58925E+24
1419	,	1.30978E+24
1420	,	2.53592E+26
1421	,	8.41152E+25
1422	,	9.70148E+25
1423	,	1.52763E+25
1424	,	5.90767E+25
1425	,	6.54805E+25
1426	,	3.3121E+26
1427	,	6.60022E+25
1428	,	1.21782E+26
1429	,	1.85668E+26
1430	,	1.99428E+26
1431	,	3.55346E+26
1432	,	3.27579E+25
1433	,	2.73173E+26
1434	,	4.43138E+26
1435	,	3.61382E+26
1436	,	1.81537E+25
1437	,	2.58079E+26
1438	,	1.51493E+26
1439	,	1.54486E+26
1440	,	2.77401E+26
1441	,	2.16148E+26
1442	,	9.62129E+25
1443	,	3.69193E+26
1444	,	2.86867E+26
1445	,	2.30523E+26
1446	,	2.63327E+26
1447	,	3.2739E+26
1448	,	4.4893E+26
1449	,	3.62009E+26
1450	,	1.68036E+26
1451	,	2.63512E+26
1452	,	8.44986E+26
1453	,	7.43518E+26
1454	,	1.99867E+26
1455	,	8.24838E+25
1456	,	4.558E+26
1457	,	5.9938E+26
1458	,	1.00941E+27
1459	,	4.84556E+26
1460	,	6.48227E+26
1461	,	8.57567E+26
1462	,	9.97514E+26
1463	,	1.19637E+27
1464	,	6.2724E+26
1465	,	6.63683E+26
1466	,	9.63477E+26
1467	,	3.17944E+26
1468	,	1.11946E+27
1469	,	6.88347E+26
1470	,	4.80844E+26
1471	,	2.66416E+26
1472	,	5.67904E+26
1473	,	7.00572E+26
1474	,	3.67533E+26
1475	,	1.31721E+26
1476	,	3.46558E+26
1477	,	5.20191E+26
1478	,	7.21495E+26
1479	,	1.37273E+27
1480	,	5.10855E+26
1481	,	5.17888E+26
1482	,	4.7214E+26
1483	,	8.92837E+26
1484	,	4.51187E+26
1485	,	8.56792E+26
1486	,	4.36141E+26
1487	,	1.1116E+27
1488	,	1.02277E+27
1489	,	9.33811E+26
1490	,	9.19489E+26
1491	,	4.53321E+26
1492	,	7.05142E+26
1493	,	1.42322E+27
1494	,	1.31174E+27
1495	,	1.48513E+27
1496	,	1.23094E+27
1497	,	1.36695E+27
1498	,	1.53322E+27
1499	,	1.37631E+27
1500	,	1.27186E+27
1501	,	1.72457E+27
1502	,	1.43182E+27
1503	,	1.64392E+27
1504	,	1.89403E+27
1505	,	2.00856E+27
1506	,	1.76811E+27
1507	,	1.39879E+27
1508	,	1.21057E+27
1509	,	1.39308E+27
1510	,	1.95464E+27
1511	,	1.9332E+27
1512	,	1.84345E+27
1513	,	1.41956E+27
1514	,	2.05859E+27
1515	,	2.01434E+27
1516	,	1.98525E+27
1517	,	1.84195E+27
1518	,	1.7213E+27
1519	,	2.0273E+27
1520	,	1.96E+27
1521	,	1.90024E+27
1522	,	1.9244E+27
1523	,	1.86453E+27
1524	,	2.02634E+27
1525	,	2.10419E+27
1526	,	2.02135E+27
1527	,	2.14526E+27
1528	,	2.10834E+27
1529	,	1.98697E+27
1530	,	2.04969E+27
1531	,	2.01263E+27
1532	,	2.14462E+27
1533	,	2.09218E+27
1534	,	1.9627E+27
1535	,	2.07951E+27
1536	,	2.14253E+27
1537	,	2.13621E+27
1538	,	2.07587E+27
1539	,	2.06178E+27
1540	,	2.12494E+27
1541	,	2.11086E+27
1542	,	2.1045E+27
1543	,	2.11361E+27
1544	,	2.053E+27
1545	,	2.08534E+27
1546	,	2.0867E+27
1547	,	2.11134E+27
1548	,	2.11271E+27
1549	,	2.15294E+27
1550	,	2.13877E+27
1551	,	2.12459E+27
1552	,	2.07924E+27
1553	,	2.12734E+27
1554	,	2.10532E+27
1555	,	2.11448E+27
1556	,	2.12365E+27
1557	,	2.11721E+27
1558	,	2.07167E+27
1559	,	2.09647E+27
1560	,	2.05868E+27
1561	,	2.12266E+27
1562	,	2.10051E+27
1563	,	2.10186E+27
1564	,	2.08751E+27
1565	,	2.12026E+27
1566	,	2.1059E+27
1567	,	2.09939E+27
1568	,	2.06926E+27
1569	,	2.10208E+27
1570	,	2.06403E+27
1571	,	2.07323E+27
1572	,	2.02722E+27
1573	,	2.01273E+27
1574	,	1.91134E+27
1575	,	1.85723E+27
1576	,	1.88214E+27
1577	,	1.85169E+27
1578	,	1.90829E+27
1579	,	1.90158E+27
1580	,	1.95828E+27
1581	,	1.71359E+27
1582	,	1.86551E+27
1583	,	1.88258E+27
1584	,	1.94736E+27
1585	,	1.9804E+27
1586	,	1.92595E+27
1587	,	1.97495E+27
1588	,	1.98416E+27
1589	,	2.06515E+27
1590	,	2.04252E+27
1591	,	2.01985E+27
1592	,	2.00515E+27
1593	,	1.85453E+27
1594	,	1.93569E+27
1595	,	1.9369E+27
1596	,	2.01821E+27
1597	,	2.06756E+27
1598	,	2.05282E+27
1599	,	2.07016E+27
1600	,	1.96708E+27
1601	,	1.98438E+27
1602	,	2.04189E+27
1603	,	1.94664E+27
1604	,	1.91567E+27
1605	,	1.79605E+27
1606	,	1.80523E+27
1607	,	1.80636E+27
1608	,	1.83976E+27
1609	,	1.91358E+27
1610	,	1.94709E+27
1611	,	1.88363E+27
1612	,	1.86053E+27
1613	,	1.8374E+27
1614	,	1.76565E+27
1615	,	1.83969E+27
1616	,	1.87327E+27
1617	,	1.92312E+27
1618	,	1.93243E+27
1619	,	1.958E+27
1620	,	1.87792E+27
1621	,	1.91162E+27
1622	,	1.98605E+27
1623	,	1.96285E+27
1624	,	1.90701E+27
1625	,	1.90819E+27
1626	,	1.94201E+27
1627	,	1.97586E+27
1628	,	1.98525E+27
1629	,	1.9456E+27
1630	,	1.96315E+27
1631	,	1.97255E+27
1632	,	1.97376E+27
1633	,	1.97497E+27
1634	,	1.94338E+27
1635	,	1.95278E+27
1636	,	1.95398E+27
1637	,	1.9141E+27
1638	,	1.91527E+27
1639	,	1.92467E+27
1640	,	1.93408E+27
1641	,	1.86938E+27
1642	,	1.81284E+27
1643	,	1.81395E+27
1644	,	1.7738E+27
1645	,	1.81616E+27
1646	,	1.82553E+27
1647	,	1.77705E+27
1648	,	1.85256E+27
1649	,	1.80404E+27
1650	,	1.79685E+27
1651	,	1.88908E+27
1652	,	1.79904E+27
1653	,	1.81672E+27
1654	,	1.86762E+27
1655	,	1.73587E+27
1656	,	1.86158E+27
1657	,	1.85439E+27
1658	,	1.79726E+27
1659	,	1.84831E+27
1660	,	1.84109E+27
1661	,	1.85054E+27
1662	,	1.87668E+27
1663	,	1.84443E+27
1664	,	1.86224E+27
1665	,	1.87172E+27
1666	,	1.83104E+27
1667	,	1.85724E+27
1668	,	1.84999E+27
1669	,	1.77571E+27
1670	,	1.50021E+27
1671	,	1.76946E+27
1672	,	1.80409E+27
1673	,	1.80517E+27
1674	,	1.86506E+27
1675	,	1.84096E+27
1676	,	1.77477E+27
1677	,	1.81791E+27
1678	,	1.819E+27
1679	,	1.80323E+27
1680	,	1.77901E+27
1681	,	1.78851E+27
1682	,	1.76425E+27
1683	,	1.79909E+27
1684	,	1.741E+27
1685	,	1.64056E+27
1686	,	1.72615E+27
1687	,	1.76951E+27
1688	,	1.67737E+27
1689	,	1.80552E+27
1690	,	1.78115E+27
1691	,	1.73977E+27
1692	,	1.78326E+27
1693	,	1.75883E+27
1694	,	1.74286E+27
1695	,	1.64181E+27
1696	,	1.76195E+27
1697	,	1.79706E+27
1698	,	1.74699E+27
1699	,	1.79065E+27
1700	,	1.78318E+27
1702	,	1.54519E+27
1705	,	1.7682E+27
1710	,	1.76069E+27
1715	,	1.71042E+27
1720	,	1.74668E+27
1725	,	1.69829E+27
1730	,	1.61725E+27
1735	,	1.63923E+27
1740	,	1.61805E+27
1745	,	1.54466E+27
1750	,	1.51432E+27
1755	,	1.41396E+27
1760	,	1.47055E+27
1765	,	1.36066E+27
1770	,	1.4614E+27
1775	,	1.3508E+27
1780	,	1.41663E+27
1785	,	1.18092E+27
1790	,	1.2644E+27
1795	,	1.02688E+27
1800	,	9.04407E+26
1805	,	6.91435E+26
1810	,	8.0053E+26
1815	,	4.23506E+26
1820	,	2.87953E+26
1825	,	1.34388E+26
1830	,	8.82318E+25
1835	,	2.99484E+25
1840	,	9.04588E+24
1845	,	1.16598E+25
1850	,	4.78715E+22
1855	,	5.92644E+22
1860	,	5.80374E+20
1865	,	5.81951E+22
1870	,	2.792E+22
1875	,	2.65024E+21
1880	,	1.04798E+23
1885	,	1.59496E+23
1890	,	2.51175E+18
1895	,	4.25403E+18
1900	,	7.32963E+23
1905	,	4.16293E+23
1910	,	2.12026E+24
1915	,	1.22976E+24
1920	,	8.23917E+21
1925	,	5.43376E+21
1930	,	2.20996E+23
1935	,	1.9171E+23
1940	,	4.35613E+24
1945	,	9.0642E+24
1950	,	5.35944E+24
1955	,	3.49461E+25
1960	,	3.20109E+25
1965	,	1.06652E+26
1970	,	1.63823E+26
1975	,	9.83489E+25
1980	,	2.15935E+26
1985	,	2.82717E+26
1990	,	4.83625E+26
1995	,	6.74621E+26
2000	,	7.52029E+26
2005	,	8.29821E+26
2010	,	8.56938E+26
2015	,	8.14933E+26
2020	,	3.8434E+26
2025	,	1.51296E+26
2030	,	4.01429E+26
2035	,	2.69637E+26
2040	,	4.57285E+26
2045	,	7.5384E+26
2050	,	8.67015E+26
2055	,	9.8688E+26
2060	,	9.21572E+26
2065	,	9.37205E+26
2070	,	7.00239E+26
2075	,	5.67554E+26
2080	,	7.17127E+26
2085	,	6.43033E+26
2090	,	6.84161E+26
2095	,	8.07945E+26
2100	,	9.08251E+26
2105	,	8.92603E+26
2110	,	9.368E+26
2115	,	9.45364E+26
2120	,	9.09589E+26
2125	,	9.8694E+26
2130	,	9.52133E+26
2135	,	9.75669E+26
2140	,	9.34249E+26
2145	,	9.47143E+26
2150	,	9.62229E+26
2155	,	9.66636E+26
2160	,	9.77513E+26
2165	,	9.65769E+26
2170	,	9.15022E+26
2175	,	9.19318E+26
2180	,	9.14931E+26
2185	,	8.31008E+26
2190	,	8.95151E+26
2195	,	8.79707E+26
2200	,	8.97083E+26
2205	,	8.19998E+26
2210	,	8.71452E+26
2215	,	8.72337E+26
2220	,	7.87998E+26
2225	,	8.20849E+26
2230	,	8.81634E+26
2235	,	8.502E+26
2240	,	8.67754E+26
2245	,	8.45084E+26
2250	,	8.50348E+26
2255	,	8.3539E+26
2260	,	8.23736E+26
2265	,	7.99599E+26
2270	,	8.13831E+26
2275	,	7.67994E+26
2280	,	7.60602E+26
2285	,	7.75958E+26
2290	,	7.41128E+26
2295	,	7.3246E+26
2300	,	7.60451E+26
2305	,	7.25334E+26
2310	,	7.28074E+26
2315	,	7.07727E+26
2320	,	6.80343E+26
2325	,	6.8646E+26
2330	,	7.42567E+26
2335	,	6.76628E+26
2340	,	6.06896E+26
2345	,	6.57328E+26
2350	,	6.65774E+26
2355	,	6.81299E+26
2360	,	5.39143E+26
2365	,	6.06357E+26
2370	,	4.90613E+26
2375	,	5.62739E+26
2380	,	5.95989E+26
2385	,	5.87734E+26
2390	,	3.67216E+26
2395	,	5.26896E+26
2400	,	5.10046E+26
2405	,	3.6954E+26
2410	,	4.46061E+26
2415	,	4.89164E+26
2420	,	5.3365E+26
2425	,	4.06515E+26
2430	,	4.09785E+26
2435	,	3.31667E+26
2440	,	3.23832E+26
2445	,	4.03796E+26
2450	,	5.51322E+26
2455	,	1.82519E+26
2460	,	5.30269E+26
2465	,	2.55838E+26
2470	,	1.67621E+26
2475	,	3.0752E+26
2480	,	4.13337E+26
2485	,	2.98852E+26
2490	,	2.07509E+26
2495	,	2.05439E+26
2500	,	1.00307E+26
2505	,	7.01313E+25
2510	,	4.39672E+25
2515	,	3.61481E+25
2520	,	8.87907E+25
2525	,	1.91546E+25
2530	,	2.80317E+25
2535	,	6.56641E+24
2540	,	4.70324E+24
2545	,	5.25877E+23
2550	,	8.09469E+21
2555	,	2.23171E+21
2560	,	4.81723E+21
2565	,	6.88799E+17
2570	,	3.61753E+15
2575	,	1.33674E+19
2580	,	3.99231E+17
2585	,	2.06457E+14
2590	,	19780955685
2595	,	13.99019297
2600	,	4957991.578
2605	,	2.23672E-06
2610	,	0.007140079
2615	,	2.97642E-05
2620	,	5.872762052
2625	,	7.61389E-07
2630	,	7.79919E-06
2635	,	1.47337E-09
2640	,	0.744684741
2645	,	5.110495246
2650	,	3.70456E-17
2655	,	5.16973E+12
2660	,	1.56714E+12
2665	,	11975424075
2670	,	1906358729
2675	,	17.49679635
2680	,	3492.567914
2685	,	1.48814E-09
2690	,	0
2695	,	0
2700	,	0
2705	,	0
2710	,	0.138030534
2715	,	9.66654E-05
2720	,	0
2725	,	3.9871E-14
2730	,	1.54053E-07
2735	,	527.2054055
2740	,	7.67634E-17
2745	,	9993480.072
2750	,	8336313795
2755	,	75535723.09
2760	,	32.11657315
2765	,	180899.0809
2770	,	2.29648439
2775	,	9.32737E-16
2780	,	0
2785	,	37.27800356
2790	,	116774.0932
2795	,	5.584E-10
2800	,	6.72686E-06
2805	,	54.5001273
2810	,	1.71233E+12
2815	,	5.08995E+12
2820	,	2.32415E+16
2825	,	9.52488E+14
2830	,	5.6827E+18
2835	,	4.06427E+18
2840	,	2.90821E+17
2845	,	2.50123E+21
2850	,	5.55231E+22
2855	,	3.03777E+18
2860	,	2.80025E+21
2865	,	5.81073E+23
2870	,	1.66313E+22
2875	,	6.44874E+21
2880	,	3.65445E+23
2885	,	2.42134E+24
2890	,	9.11033E+22
2895	,	5.66952E+24
2900	,	3.57859E+24
2905	,	6.57456E+24
2910	,	2.70417E+24
2915	,	3.87394E+25
2920	,	1.18461E+25
2925	,	1.62215E+24
2930	,	3.98185E+25
2935	,	1.8477E+25
2940	,	4.24525E+25
2945	,	1.58918E+25
2950	,	8.68172E+25
2955	,	9.58243E+25
2960	,	2.41078E+25
2965	,	2.14821E+25
2970	,	7.76151E+25
2975	,	3.47853E+25
2980	,	6.84971E+25
2985	,	1.10974E+26
2990	,	5.25923E+24
2995	,	1.27811E+25
3000	,	2.00883E+25
3005	,	1.04514E+26
3010	,	1.54928E+26
3015	,	6.44857E+25
3020	,	1.18471E+26
3025	,	4.36883E+25
3030	,	1.03724E+26
3035	,	8.43305E+25
3040	,	9.63205E+24
3045	,	1.14133E+26
3050	,	9.26764E+25
3055	,	3.81699E+25
3060	,	3.08921E+25
3065	,	6.449E+25
3070	,	1.58037E+25
3075	,	4.44152E+24
3080	,	9.69806E+25
3085	,	4.4869E+25
3090	,	2.70271E+25
3095	,	9.31246E+25
3100	,	5.60896E+25
3105	,	2.74695E+25
3110	,	3.69963E+25
3115	,	1.01982E+25
3120	,	6.86178E+25
3125	,	1.44017E+25
3130	,	1.32359E+25
3135	,	3.55719E+25
3140	,	1.54131E+26
3145	,	4.76338E+25
3150	,	9.06963E+25
3155	,	1.7979E+26
3160	,	5.24434E+25
3165	,	5.14194E+25
3170	,	1.05696E+26
3175	,	8.95161E+25
3180	,	1.46727E+26
3185	,	2.22907E+26
3190	,	1.99339E+26
3195	,	1.47424E+26
3200	,	1.69573E+26
3205	,	1.29462E+26
3210	,	6.80423E+25
3215	,	4.3236E+25
3220	,	7.05094E+24
3225	,	4.99819E+24
3230	,	2.19617E+24
3235	,	8.0544E+24
3240	,	2.60798E+25
3245	,	3.22854E+24
3250	,	5.54089E+24
3255	,	1.18638E+26
3260	,	6.11222E+25
3265	,	1.19821E+25
3270	,	4.26724E+25
3275	,	1.62765E+26
3280	,	2.00078E+25
3285	,	4.02413E+25
3290	,	2.00692E+25
3295	,	9.76987E+25
3300	,	4.71914E+25
3305	,	1.83435E+26
3310	,	1.44985E+26
3315	,	2.02226E+25
3320	,	2.95499E+25
3325	,	6.55074E+25
3330	,	6.52735E+25
3335	,	2.68492E+23
3340	,	1.0021E+24
3345	,	5.88785E+25
3350	,	7.80644E+25
3355	,	1.52169E+26
3360	,	5.8136E+25
3365	,	5.95692E+25
3370	,	1.35327E+26
3375	,	6.12663E+25
3380	,	8.85714E+25
3385	,	1.21713E+26
3390	,	6.67958E+25
3395	,	1.43637E+26
3400	,	8.68881E+25
3405	,	1.27545E+26
3410	,	1.68151E+26
3415	,	1.63104E+26
3420	,	2.13802E+26
3425	,	7.63967E+25
3430	,	1.21454E+26
3435	,	1.25068E+26
3440	,	2.27103E+26
3445	,	1.72299E+26
3450	,	1.49947E+26
3455	,	2.00451E+26
3460	,	1.38962E+26
3465	,	1.95835E+26
3470	,	1.94384E+26
3475	,	1.44435E+26
3480	,	2.17575E+26
3485	,	1.71174E+26
3490	,	2.14712E+26
3495	,	1.90548E+26
3500	,	1.96074E+26
3505	,	2.12134E+26
3510	,	1.82592E+26
3515	,	2.16259E+26
3520	,	2.09526E+26
3525	,	2.08062E+26
3530	,	2.1189E+26
3535	,	2.03351E+26
3540	,	2.14265E+26
3545	,	2.02156E+26
3550	,	1.97115E+26
3555	,	1.6823E+26
3560	,	1.6081E+26
3565	,	1.70133E+26
3570	,	1.87517E+26
3575	,	1.62028E+26
3580	,	1.93418E+26
3585	,	1.95483E+26
3590	,	1.49781E+26
3595	,	1.55386E+26
3600	,	1.83699E+26
3605	,	1.65379E+26
3610	,	1.70667E+26
3615	,	1.74883E+26
3620	,	1.86536E+26
3625	,	1.88609E+26
3630	,	1.72162E+26
3635	,	1.72219E+26
3640	,	2.11246E+26
3645	,	1.86008E+26
3650	,	1.81882E+26
3655	,	1.88349E+26
3660	,	2.10582E+26
3665	,	1.94369E+26
3670	,	1.85454E+26
3675	,	2.02257E+26
3680	,	2.00692E+26
3685	,	1.89904E+26
3690	,	1.45853E+26
3695	,	8.9295E+25
3700	,	1.54211E+26
3705	,	1.74998E+26
3710	,	1.79876E+26
3715	,	1.87741E+26
3720	,	2.02885E+26
3725	,	2.01296E+26
3730	,	1.74692E+26
3735	,	1.72498E+26
3740	,	1.94625E+26
3745	,	2.00508E+26
3750	,	1.73945E+26
3755	,	1.61213E+26
3760	,	1.66509E+26
3765	,	1.94049E+26
3770	,	1.75255E+26
3775	,	1.69821E+26
3780	,	1.67589E+26
3785	,	1.6194E+26
3790	,	1.72965E+26
3795	,	1.71865E+26
3800	,	1.81981E+26
3805	,	1.67751E+26
3810	,	1.47953E+26
3815	,	1.69339E+26
3820	,	1.88488E+26
3825	,	1.78017E+26
3830	,	1.58125E+26
3835	,	1.48929E+26
3840	,	1.85636E+26
3845	,	1.82993E+26
3850	,	1.84774E+26
3855	,	1.48359E+26
3860	,	1.73472E+26
3865	,	1.6983E+26
3870	,	1.71019E+26
3875	,	1.65035E+26
3880	,	1.55152E+26
3885	,	1.57492E+26
3890	,	1.43289E+26
3895	,	1.31777E+26
3900	,	1.27458E+26
3905	,	1.32313E+26
3910	,	1.34636E+26
3915	,	1.46566E+26
3920	,	1.55582E+26
3925	,	1.55782E+26
3930	,	1.40442E+26
3935	,	1.37668E+26
3940	,	1.37055E+26
3945	,	1.35E+26
3950	,	1.39381E+26
3955	,	1.45497E+26
3960	,	1.46673E+26
3965	,	1.49638E+26
3970	,	1.51616E+26
3975	,	1.53598E+26
3980	,	1.5439E+26
3985	,	1.55782E+26
3990	,	1.53382E+26
3995	,	1.50176E+26
4000	,	1.47962E+26
